image_paths,bins,vals
./imgs/n_9.png,n,9
./imgs/n_19.png,n,19
./imgs/d_1.png,d,1
./imgs/k_14.png,k,14
./imgs/q_27.png,q,27
./imgs/s_16.png,s,16
./imgs/t_11.png,t,11
./imgs/l_13.png,l,13
./imgs/e_10.png,e,10
./imgs/s_3.png,s,3
./imgs/g_8.png,g,8
./imgs/a_3.png,a,3
./imgs/b_9.png,b,9
./imgs/n_17.png,n,17
./imgs/b_13.png,b,13
./imgs/j_15.png,j,15
./imgs/k_29.png,k,29
./imgs/r_18.png,r,18
./imgs/l_25.png,l,25
./imgs/n_13.png,n,13
./imgs/l_19.png,l,19
./imgs/t_26.png,t,26
./imgs/g_29.png,g,29
./imgs/p_24.png,p,24
./imgs/q_11.png,q,11
./imgs/d_8.png,d,8
./imgs/l_1.png,l,1
./imgs/o_6.png,o,6
./imgs/m_7.png,m,7
./imgs/g_22.png,g,22
./imgs/f_11.png,f,11
./imgs/a_22.png,a,22
./imgs/i_20.png,i,20
./imgs/g_13.png,g,13
./imgs/j_8.png,j,8
./imgs/b_2.png,b,2
./imgs/g_8.png,g,8
./imgs/f_15.png,f,15
./imgs/g_2.png,g,2
./imgs/m_15.png,m,15
./imgs/b_3.png,b,3
./imgs/k_1.png,k,1
./imgs/g_24.png,g,24
./imgs/i_17.png,i,17
./imgs/n_15.png,n,15
./imgs/i_12.png,i,12
./imgs/r_5.png,r,5
./imgs/r_9.png,r,9
./imgs/o_0.png,o,0
./imgs/d_3.png,d,3
./imgs/n_29.png,n,29
./imgs/b_19.png,b,19
./imgs/l_21.png,l,21
./imgs/k_10.png,k,10
./imgs/m_20.png,m,20
./imgs/n_29.png,n,29
./imgs/p_16.png,p,16
./imgs/o_27.png,o,27
./imgs/j_19.png,j,19
./imgs/d_16.png,d,16
./imgs/m_17.png,m,17
./imgs/h_7.png,h,7
./imgs/j_15.png,j,15
./imgs/f_9.png,f,9
./imgs/o_8.png,o,8
./imgs/p_22.png,p,22
./imgs/j_3.png,j,3
./imgs/i_18.png,i,18
./imgs/n_17.png,n,17
./imgs/r_14.png,r,14
./imgs/t_12.png,t,12
./imgs/h_16.png,h,16
./imgs/e_9.png,e,9
./imgs/a_10.png,a,10
./imgs/o_11.png,o,11
./imgs/b_26.png,b,26
./imgs/n_29.png,n,29
./imgs/j_19.png,j,19
./imgs/m_1.png,m,1
./imgs/i_5.png,i,5
./imgs/j_17.png,j,17
./imgs/b_26.png,b,26
./imgs/e_2.png,e,2
./imgs/f_14.png,f,14
./imgs/n_26.png,n,26
./imgs/g_25.png,g,25
./imgs/p_16.png,p,16
./imgs/e_1.png,e,1
./imgs/o_2.png,o,2
./imgs/s_21.png,s,21
./imgs/c_5.png,c,5
./imgs/e_27.png,e,27
./imgs/n_5.png,n,5
./imgs/t_2.png,t,2
./imgs/m_22.png,m,22
./imgs/m_19.png,m,19
./imgs/t_7.png,t,7
./imgs/e_24.png,e,24
./imgs/f_11.png,f,11
./imgs/q_4.png,q,4
./imgs/g_13.png,g,13
./imgs/d_18.png,d,18
./imgs/p_12.png,p,12
./imgs/b_27.png,b,27
./imgs/t_7.png,t,7
./imgs/k_7.png,k,7
./imgs/r_9.png,r,9
./imgs/m_20.png,m,20
./imgs/m_5.png,m,5
./imgs/b_6.png,b,6
./imgs/b_6.png,b,6
./imgs/s_5.png,s,5
./imgs/d_29.png,d,29
./imgs/l_4.png,l,4
./imgs/j_9.png,j,9
./imgs/k_29.png,k,29
./imgs/n_25.png,n,25
./imgs/r_13.png,r,13
./imgs/t_2.png,t,2
./imgs/j_7.png,j,7
./imgs/a_12.png,a,12
./imgs/e_18.png,e,18
./imgs/s_24.png,s,24
./imgs/t_24.png,t,24
./imgs/r_27.png,r,27
./imgs/o_9.png,o,9
./imgs/k_10.png,k,10
./imgs/d_29.png,d,29
./imgs/e_12.png,e,12
./imgs/r_8.png,r,8
./imgs/c_6.png,c,6
./imgs/l_10.png,l,10
./imgs/n_26.png,n,26
./imgs/t_6.png,t,6
./imgs/r_4.png,r,4
./imgs/r_15.png,r,15
./imgs/o_7.png,o,7
./imgs/l_11.png,l,11
./imgs/c_24.png,c,24
./imgs/j_16.png,j,16
./imgs/p_11.png,p,11
./imgs/j_12.png,j,12
./imgs/e_18.png,e,18
./imgs/k_13.png,k,13
./imgs/c_5.png,c,5
./imgs/g_7.png,g,7
./imgs/s_11.png,s,11
./imgs/g_19.png,g,19
./imgs/s_18.png,s,18
./imgs/f_21.png,f,21
./imgs/n_16.png,n,16
./imgs/j_12.png,j,12
./imgs/l_16.png,l,16
./imgs/r_18.png,r,18
./imgs/f_2.png,f,2
./imgs/h_18.png,h,18
./imgs/t_1.png,t,1
./imgs/o_14.png,o,14
./imgs/p_18.png,p,18
./imgs/m_16.png,m,16
./imgs/g_9.png,g,9
./imgs/l_1.png,l,1
./imgs/k_6.png,k,6
./imgs/n_19.png,n,19
./imgs/k_0.png,k,0
./imgs/b_28.png,b,28
./imgs/s_3.png,s,3
./imgs/g_0.png,g,0
./imgs/t_4.png,t,4
./imgs/r_5.png,r,5
./imgs/h_17.png,h,17
./imgs/j_29.png,j,29
./imgs/n_8.png,n,8
./imgs/j_27.png,j,27
./imgs/m_19.png,m,19
./imgs/p_7.png,p,7
./imgs/j_28.png,j,28
./imgs/a_16.png,a,16
./imgs/p_19.png,p,19
./imgs/p_2.png,p,2
./imgs/j_18.png,j,18
./imgs/r_29.png,r,29
./imgs/p_16.png,p,16
./imgs/s_9.png,s,9
./imgs/o_22.png,o,22
./imgs/d_10.png,d,10
./imgs/d_7.png,d,7
./imgs/s_2.png,s,2
./imgs/m_13.png,m,13
./imgs/d_7.png,d,7
./imgs/o_3.png,o,3
./imgs/a_24.png,a,24
./imgs/i_1.png,i,1
./imgs/e_23.png,e,23
./imgs/m_15.png,m,15
./imgs/f_9.png,f,9
./imgs/o_25.png,o,25
./imgs/f_28.png,f,28
./imgs/i_9.png,i,9
./imgs/i_1.png,i,1
